[
  { "Person": "Marilène Rousseau", "Region": "Caribbean" },
  { "Person": "Andile Ihejirika", "Region": "Central Africa" },
  { "Person": "Nicodemo Bautista", "Region": "Central America" },
  { "Person": "Cansu Peynirci", "Region": "Central Asia" },
  { "Person": "Lon Bonher", "Region": "Central US" },
  { "Person": "Wasswa Ahmed", "Region": "Eastern Africa" },
  { "Person": "Hadia Bousaid", "Region": "Eastern Asia" },
  { "Person": "Lynne Marchand", "Region": "Eastern Canada" },
  { "Person": "Oxana Lagunov", "Region": "Eastern Europe" },
  { "Person": "Dolores Davis", "Region": "Eastern US" },
  { "Person": "Lindiwe Afolayan", "Region": "North Africa" },
  { "Person": "Miina Nylund", "Region": "Northern Europe" },
  { "Person": "Kauri Anaru", "Region": "Oceania" },
  { "Person": "Vasco Magalhães", "Region": "South America" },
  { "Person": "Preecha Metharom", "Region": "Southeastern Asia" },
  { "Person": "Nora Cuijper", "Region": "Southern Africa" },
  { "Person": "Chandrakant Chaudhri", "Region": "Southern Asia" },
  { "Person": "Gavino Bove", "Region": "Southern Europe" },
  { "Person": "Flannery Newton", "Region": "Southern US" },
  { "Person": "Katlego Akosua", "Region": "Western Africa" },
  { "Person": "Kaoru Xun", "Region": "Western Asia" },
  { "Person": "Angela Jephson", "Region": "Western Canada" },
  { "Person": "Gilbert Wolff", "Region": "Western Europe" },
  { "Person": "Derrick Snyders", "Region": "Western US" }
]
